Handle,Title,Body (HTML),Vendor,Type,Tags,Published,Option1 Name,Option1 Value,Option2 Name,Option2 Value,Option3 Name,Option3 Value,Variant SKU,Variant Grams,Variant Inventory Tracker,Variant Inventory Qty,Variant Inventory Policy,Variant Fulfillment Service,Variant Price,Variant Compare at Price,Variant Requires Shipping,Variant Taxable,Variant Barcode,Image Src,Image Position,Gift Card,SEO Title,SEO Description,Google Shopping / Google Product Category,Google Shopping / Gender,Google Shopping / Age Group,Google Shopping / MPN,Google Shopping / AdWords Grouping,Google Shopping / AdWords Labels,Google Shopping / Condition,Google Shopping / Custom Product,Google Shopping / Custom Label 0,Google Shopping / Custom Label 1,Google Shopping / Custom Label 2,Google Shopping / Custom Label 3,Google Shopping / Custom Label 4,Variant Image,Variant Weight Unit,Variant Tax Code,Cost per item
moje-3-elementen-ballenbad-90x30-soft-velvet-raspberry-pink,Moje. 3 elementen + Ballenbad 90x30 - Soft velvet - Raspberry Pink,,,physical,,TRUE,,,,,,,PSSV3-75,0,shopify,0,deny,manual,129.0,,TRUE,TRUE,,"https://static.wixstatic.com/media/661c3b_06460abb6e5d41d185d5120e3408b665~mv2.jpg/v1/fit/w_500,h_500,q_90/file.jpg",1,FALSE,,,,,,,,,,,,,,,,,,,
moje-foam-speelset-3-elements-soft-velvet-raspberry-pink,Moje. Foam Speelset - 3 elements- Soft Velvet  - Raspberry Pink,,,physical,,TRUE,,,,,,,PSSV3-88,0,shopify,0,deny,manual,84.0,,TRUE,TRUE,,"https://static.wixstatic.com/media/661c3b_a6a20ff0477648139ebebf7e022afcf8~mv2.jpg/v1/fit/w_500,h_500,q_90/file.jpg",1,FALSE,,,,,,,,,,,,,,,,,,,
moje-speelnest-soft-velvet-pink-1,Moje. Speelnest - Soft Velvet Pink,,,physical,,TRUE,,,,,,,PNSV-168,0,shopify,0,deny,manual,57.0,,TRUE,TRUE,,"https://static.wixstatic.com/media/661c3b_c6e1a22ed0a54e7c91bda06073db877e~mv2.jpeg/v1/fit/w_500,h_500,q_90/file.jpg",1,FALSE,,,,,,,,,,,,,,,,,,,
moje-speelnest-cotton-grey,Moje. Speelnest - Cotton - Grey,,,physical,,TRUE,,,,,,,PN-165,0,shopify,0,deny,manual,53.0,,TRUE,TRUE,,"https://static.wixstatic.com/media/661c3b_31baaa791fd1427ca3fc8185ee1391be~mv2.jpg/v1/fit/w_500,h_500,q_90/file.jpg",1,FALSE,,,,,,,,,,,,,,,,,,,
moje-wooden-car-shelf,Moje. Wooden Car Shelf,,,physical,NEW!,TRUE,,,,,,,WCS-1,0,shopify,0,deny,manual,73.2,,TRUE,TRUE,,"https://static.wixstatic.com/media/661c3b_543b827ded214561adef67a1feb4b9e7~mv2.jpg/v1/fit/w_500,h_500,q_90/file.jpg",1,FALSE,,,,,,,,,,,,,,,,,,,
moje-small-wooden-garage-2-levels,Moje. Small Wooden Garage (2 levels),,,physical,NEW!,TRUE,,,,,,,WBG-2,0,shopify,0,deny,manual,80.47,,TRUE,TRUE,,"https://static.wixstatic.com/media/661c3b_df4a7a1600194dd7955f0df6bdaae091~mv2.jpg/v1/fit/w_500,h_500,q_90/file.jpg",1,FALSE,,,,,,,,,,,,,,,,,,,
kopie-van-moje-classic-wooden-doll-house,Moje. Big Wooden Garage (3 levels),,,physical,NEW!,TRUE,,,,,,,WBG-3,0,shopify,0,deny,manual,118.57,,TRUE,TRUE,,"https://static.wixstatic.com/media/661c3b_525d273c85954c53bac9785da66ed554~mv2.jpg/v1/fit/w_500,h_500,q_90/file.jpg",1,FALSE,,,,,,,,,,,,,,,,,,,
moje-classic-wooden-doll-house,Moje. Classic Wooden Doll House,,,physical,NEW!,TRUE,,,,,,,WDH-1,0,shopify,0,deny,manual,99.8,,TRUE,TRUE,,"https://static.wixstatic.com/media/661c3b_b5580a8825524d32a4df146a11c607d7~mv2.jpg/v1/fit/w_500,h_500,q_90/file.jpg",1,FALSE,,,,,,,,,,,,,,,,,,,
moje-2-sided-doll-house,Moje. 2 sided Wooden Doll House,,,physical,NEW!,TRUE,,,,,,,WDH-2,0,shopify,0,deny,manual,99.8,,TRUE,TRUE,,"https://static.wixstatic.com/media/661c3b_db8f1ee3ae7d403d957ebcd5c17aaea4~mv2.jpg/v1/fit/w_500,h_500,q_90/file.jpg",1,FALSE,,,,,,,,,,,,,,,,,,,
moje-rib-velvet-ballenbad-90x40-cm-grey,Moje. Rib Velvet Ballenbad- 90x40 cm - Grey,,,physical,NEW!,TRUE,,,,,,,,0,shopify,0,deny,manual,70.95,,TRUE,TRUE,,"https://static.wixstatic.com/media/661c3b_7a81a5647b7f4a1e9b4b1962f8527425~mv2.jpg/v1/fit/w_500,h_500,q_90/file.jpg",1,FALSE,,,,,,,,,,,,,,,,,,,
moje-rib-velvet-ballenbad-90x40-cm-dirty-pink,Moje. Rib Velvet Ballenbad- 90x40 cm - Dirty Pink,,,physical,NEW!,TRUE,,,,,,,,0,shopify,0,deny,manual,70.95,,TRUE,TRUE,,"https://static.wixstatic.com/media/661c3b_c8ab568cc2244321a048005e63c244f3~mv2.jpg/v1/fit/w_500,h_500,q_90/file.jpg",1,FALSE,,,,,,,,,,,,,,,,,,,
moje-rib-velvet-ballenbad-90x40-cm-dark-beige,Moje. Rib Velvet Ballenbad- 90x40 cm - Dark Beige,,,physical,NEW!,TRUE,,,,,,,,0,shopify,0,deny,manual,70.95,,TRUE,TRUE,,"https://static.wixstatic.com/media/661c3b_40adbcb9ea294593954cbf0487e2dcd8~mv2.jpg/v1/fit/w_500,h_500,q_90/file.jpg",1,FALSE,,,,,,,,,,,,,,,,,,,
moje-rib-velvet-ballenbad-90x40-cm-créme,Moje. Rib Velvet Ballenbad- 90x40 cm - Créme,,,physical,NEW!,TRUE,,,,,,,,0,shopify,0,deny,manual,70.95,,TRUE,TRUE,,"https://static.wixstatic.com/media/661c3b_6dca70d2db144a4ea6685b47f16c8219~mv2.jpg/v1/fit/w_500,h_500,q_90/file.jpg",1,FALSE,,,,,,,,,,,,,,,,,,,
moje-foam-speelset-3-elements-rib-velvet-grey,Moje. Foam Speelset - 3 elements - Rib Velvet - Grey,,,physical,NEW!,TRUE,,,,,,,PSR3-84,0,shopify,0,deny,manual,92.0,,TRUE,TRUE,,"https://static.wixstatic.com/media/661c3b_efc70149bee44ae9b8998d6de79bb596~mv2.jpg/v1/fit/w_500,h_500,q_90/file.jpg",1,FALSE,,,,,,,,,,,,,,,,,,,
moje-foam-speelset-3-elements-rib-velvet-dusty-pink,Moje. Foam Speelset - 3 elements - Rib Velvet - Dirty Pink,,,physical,NEW!,TRUE,,,,,,,PSR3-85,0,shopify,0,deny,manual,92.0,,TRUE,TRUE,,"https://static.wixstatic.com/media/661c3b_9af126c1111d487b973dac2bc50da10e~mv2.jpg/v1/fit/w_500,h_500,q_90/file.jpg",1,FALSE,,,,,,,,,,,,,,,,,,,
moje-foam-speelset-3-elements-rib-velvet-dark-beige,Moje. Foam Speelset - 3 elements - Rib Velvet -  Beige,,,physical,NEW!,TRUE,,,,,,,PSR3-83,0,shopify,0,deny,manual,92.0,,TRUE,TRUE,,"https://static.wixstatic.com/media/661c3b_a6bc5c5f312f4caa836c2096de95a0db~mv2.jpg/v1/fit/w_500,h_500,q_90/file.jpg",1,FALSE,,,,,,,,,,,,,,,,,,,
moje-foam-speelset-3-elements-rib-velvet-cream,Moje. Foam Speelset - 3 elements - Rib Velvet - Cream,,,physical,NEW!,TRUE,,,,,,,PSR3-82,0,shopify,0,deny,manual,92.0,,TRUE,TRUE,,"https://static.wixstatic.com/media/661c3b_7e31f77e38c34a3b9094f6a8ab1c5377~mv2.jpg/v1/fit/w_500,h_500,q_90/file.jpg",1,FALSE,,,,,,,,,,,,,,,,,,,
moje-3-elementen-ballenbad-90x30-rib-velvet-grey,Moje. 3 elementen + Ballenbad 90x30 - Rib Velvet - Grey,,,physical,NEW!,TRUE,,,,,,,PSSV5-VRGR,0,shopify,0,deny,manual,138.0,,TRUE,TRUE,,"https://static.wixstatic.com/media/661c3b_bf09ae9620a647668f3ab5439652227f~mv2.jpg/v1/fit/w_500,h_500,q_90/file.jpg",1,FALSE,,,,,,,,,,,,,,,,,,,
moje-3-elementen-ballenbad-90x30-rib-velvet-dusty-pink,Moje. 3 elementen + Ballenbad 90x30 - Rib Velvet - Dirty Pink,,,physical,NEW!,TRUE,,,,,,,PSSV5-VRDP,0,shopify,0,deny,manual,138.0,,TRUE,TRUE,,"https://static.wixstatic.com/media/661c3b_e9264d33e2674caf8a70b3603c6b9a45~mv2.jpg/v1/fit/w_500,h_500,q_90/file.jpg",1,FALSE,,,,,,,,,,,,,,,,,,,
moje-3-elementen-ballenbad-90x30-rib-velvet-dark-beige,Moje. 3 elementen + Ballenbad 90x30 - Rib Velvet - Dark Beige,,,physical,NEW!,TRUE,,,,,,,PSSV5-VRBE,0,shopify,0,deny,manual,138.0,,TRUE,TRUE,,"https://static.wixstatic.com/media/661c3b_61696d696d694ad591231fa07bf02c7a~mv2.jpg/v1/fit/w_500,h_500,q_90/file.jpg",1,FALSE,,,,,,,,,,,,,,,,,,,
moje-3-elementen-ballenbad-90x30-rib-velvet-cream,Moje. 3 elementen + Ballenbad 90x30 - Rib Velvet - Cream,,,physical,NEW!,TRUE,,,,,,,PSSV5-VRCR,0,shopify,0,deny,manual,138.0,,TRUE,TRUE,,"https://static.wixstatic.com/media/661c3b_e56d34ca39594156aaa50fd713ee85ce~mv2.jpg/v1/fit/w_500,h_500,q_90/file.jpg",1,FALSE,,,,,,,,,,,,,,,,,,,
moje-rib-velvet-ballenbad-90x30-cm-grey,Moje. Rib Velvet Ballenbad- 90x30 cm - Grey,,,physical,NEW!,TRUE,,,,,,,,0,shopify,0,deny,manual,66.0,,TRUE,TRUE,,"https://static.wixstatic.com/media/661c3b_f4ffb5b725324989b69349b0882c8c98~mv2.jpg/v1/fit/w_500,h_500,q_90/file.jpg",1,FALSE,,,,,,,,,,,,,,,,,,,
moje-rib-velvet-ballenbad-90x30-cm-dusty-pink,Moje. Rib Velvet Ballenbad- 90x30 cm - Dirty Pink,,,physical,NEW!,TRUE,,,,,,,,0,shopify,0,deny,manual,66.0,,TRUE,TRUE,,"https://static.wixstatic.com/media/661c3b_007f8ea66ed9427abb613aa19e21525b~mv2.jpg/v1/fit/w_500,h_500,q_90/file.jpg",1,FALSE,,,,,,,,,,,,,,,,,,,
moje-rib-velvet-ballenbad-90x30-cm-dark-beige,Moje. Rib Velvet Ballenbad- 90x30 cm - Dark Beige,,,physical,NEW!,TRUE,,,,,,,,0,shopify,0,deny,manual,66.0,,TRUE,TRUE,,"https://static.wixstatic.com/media/661c3b_448da6dc1d5640f18c181a213d64ab95~mv2.jpg/v1/fit/w_500,h_500,q_90/file.jpg",1,FALSE,,,,,,,,,,,,,,,,,,,
moje-rib-velvet-ballenbad-90x30-cm-créme,Moje. Rib Velvet Ballenbad- 90x30 cm - Créme,,,physical,NEW!,TRUE,,,,,,,,0,shopify,0,deny,manual,66.0,,TRUE,TRUE,,"https://static.wixstatic.com/media/661c3b_6a2d337d011a4a51bc5ebeabbe1a7929~mv2.jpg/v1/fit/w_500,h_500,q_90/file.jpg",1,FALSE,,,,,,,,,,,,,,,,,,,
moje-velvet-rib-corduroy-ottoman-dirty-pink-vierkante-kinderpoef,Moje. Velvet Rib Velvet - Ottoman  Dirty Pink - vierkante kinderpoef,,,physical,NEW!,TRUE,,,,,,, PSVRDP ,0,shopify,0,deny,manual,42.0,,TRUE,TRUE,,"https://static.wixstatic.com/media/661c3b_4926eafabaa94f0ea6e97a69fa756f46~mv2.jpg/v1/fit/w_500,h_500,q_90/file.jpg",1,FALSE,,,,,,,,,,,,,,,,,,,
moje-velvet-rib-corduroy-ottoman-grey-vierkante-kinderpoef,Moje. Velvet Rib Velvet - Ottoman  Grey - vierkante kinderpoef,,,physical,NEW!,TRUE,,,,,,, PSVRGR ,0,shopify,0,deny,manual,42.0,,TRUE,TRUE,,"https://static.wixstatic.com/media/661c3b_4c7ccd6a358e419ba4fd4fd6b36ddd2c~mv2.jpg/v1/fit/w_500,h_500,q_90/file.jpg",1,FALSE,,,,,,,,,,,,,,,,,,,
moje-velvet-rib-corduroy-ottoman-cream-vierkante-kinderpoef,Moje. Velvet Rib Velvet - Ottoman  Cream - vierkante kinderpoef,,,physical,NEW!,TRUE,,,,,,, PSVBCR ,0,shopify,0,deny,manual,42.0,,TRUE,TRUE,,"https://static.wixstatic.com/media/661c3b_02d248278ef64a58bf8ba8ccf08515a9~mv2.jpg/v1/fit/w_500,h_500,q_90/file.jpg",1,FALSE,,,,,,,,,,,,,,,,,,,
moje-velvet-rib-corduroy-ottoman-beige-vierkante-kinderpoef,Moje. Velvet Rib Velvet - Ottoman Dark Beige - vierkante kinderpoef,,,physical,NEW!,TRUE,,,,,,, PSVRDB ,0,shopify,0,deny,manual,42.0,,TRUE,TRUE,,"https://static.wixstatic.com/media/661c3b_a6c54b3a69fb4a10bdd128081c2c3ae7~mv2.jpg/v1/fit/w_500,h_500,q_90/file.jpg",1,FALSE,,,,,,,,,,,,,,,,,,,
moje-velvet-rib-corduroy-beanbag-dirty-pink,Moje. Velvet Rib Velvet - Beanbag Dirty Pink,,,physical,NEW!,TRUE,,,,,,, BBVRDP ,0,shopify,0,deny,manual,66.0,,TRUE,TRUE,,"https://static.wixstatic.com/media/661c3b_9e10dea0652a4184b26327623926a9eb~mv2.jpg/v1/fit/w_500,h_500,q_90/file.jpg",1,FALSE,,,,,,,,,,,,,,,,,,,
moje-velvet-rib-corduroy-beanbag-grey,Moje. Velvet Rib Velvet - Beanbag Grey,,,physical,NEW!,TRUE,,,,,,, BBVRGR ,0,shopify,0,deny,manual,66.0,,TRUE,TRUE,,"https://static.wixstatic.com/media/661c3b_4be6972d10c1457c9ee5b53c76c73274~mv2.jpg/v1/fit/w_500,h_500,q_90/file.jpg",1,FALSE,,,,,,,,,,,,,,,,,,,
moje-velvet-rib-corduroy-beanbag-cream,Moje. Velvet Rib Velvet - Beanbag Cream,,,physical,NEW!,TRUE,,,,,,, BBVRCR ,0,shopify,0,deny,manual,66.0,,TRUE,TRUE,,"https://static.wixstatic.com/media/661c3b_d3d74a30fd6d4663b28db9de9307095e~mv2.jpg/v1/fit/w_500,h_500,q_90/file.jpg",1,FALSE,,,,,,,,,,,,,,,,,,,
moje-velvet-rib-corduroy-beanbag-beige,Moje. Rib Velvet - Beanbag Dark Beige,,,physical,NEW!,TRUE,,,,,,, BBVRDB ,0,shopify,0,deny,manual,66.0,,TRUE,TRUE,,"https://static.wixstatic.com/media/661c3b_b838fd2dee744256af075cab57743f7d~mv2.jpg/v1/fit/w_500,h_500,q_90/file.jpg",1,FALSE,,,,,,,,,,,,,,,,,,,
moje-velvet-rib-corduroy-lounger-grey,Moje.  Velvet Rib Velvet - Lounger Grey,,,physical,NEW!,TRUE,,,,,,, LVRGR ,0,shopify,0,deny,manual,95.0,,TRUE,TRUE,,"https://static.wixstatic.com/media/661c3b_39d5fe0bd2cb418e955ed8581b40ca00~mv2.jpg/v1/fit/w_500,h_500,q_90/file.jpg",1,FALSE,,,,,,,,,,,,,,,,,,,
moje-velvet-rib-corduroy-lounger-cream,Moje.  Velvet Rib Velvet - Lounger Cream,,,physical,NEW!,TRUE,,,,,,,LVRCR,0,shopify,0,deny,manual,95.0,,TRUE,TRUE,,"https://static.wixstatic.com/media/661c3b_d918dd07fbc84ae5bc7defc9965f173a~mv2.jpg/v1/fit/w_500,h_500,q_90/file.jpg",1,FALSE,,,,,,,,,,,,,,,,,,,
moje-velvet-rib-corduroy-lounger-dark-beige,Moje.  Velvet Rib Velvet - Lounger Dark Beige,,,physical,NEW!,TRUE,,,,,,,LVRB,0,shopify,0,deny,manual,95.0,,TRUE,TRUE,,"https://static.wixstatic.com/media/661c3b_4efb0f70c45b4a288d4f28a9a3fa4225~mv2.jpg/v1/fit/w_500,h_500,q_90/file.jpg",1,FALSE,,,,,,,,,,,,,,,,,,,
moje-3-elementen-ballenbad-90x30-teddy-grey,Moje. 3 elementen + Ballenbad 90x30 - Teddy - Grey,,,physical,NEW!,TRUE,,,,,,,PSTED-12,0,shopify,0,deny,manual,129.0,,TRUE,TRUE,,"https://static.wixstatic.com/media/661c3b_71efede1bcd2454ba1c621741c8596dd~mv2.jpg/v1/fit/w_500,h_500,q_90/file.jpg",1,FALSE,,,,,,,,,,,,,,,,,,,
moje-3-elementen-ballenbad-90x30-teddy-beige,Moje. 3 elementen + Ballenbad 90x30 - Teddy - Beige,,,physical,NEW!,TRUE,,,,,,,PSTED-11,0,shopify,0,deny,manual,129.0,,TRUE,TRUE,,"https://static.wixstatic.com/media/661c3b_8c59234099e54b50aa2576cf892e4513~mv2.jpg/v1/fit/w_500,h_500,q_90/file.jpg",1,FALSE,,,,,,,,,,,,,,,,,,,
moje-3-elementen-ballenbad-90x30-teddy-creme,Moje. 3 elementen + Ballenbad 90x30 - Teddy - White,,,physical,NEW!,TRUE,,,,,,,PSTED-10,0,shopify,0,deny,manual,129.0,,TRUE,TRUE,,"https://static.wixstatic.com/media/661c3b_66d7489e305b453483ca81fd2a34bcc7~mv2.jpg/v1/fit/w_500,h_500,q_90/file.jpg",1,FALSE,,,,,,,,,,,,,,,,,,,
moje-foam-speelset-3-elements-teddy-grey,Moje. Foam Speelset - 3 elements - Teddy  -Grey,,,physical,NEW!,TRUE,,,,,,,PST3-81,0,shopify,0,deny,manual,84.0,,TRUE,TRUE,,"https://static.wixstatic.com/media/661c3b_7d779137198e460c9caf8959f0eba83a~mv2.jpg/v1/fit/w_500,h_500,q_90/file.jpg",1,FALSE,,,,,,,,,,,,,,,,,,,
moje-foam-speelset-3-elements-teddy-beige,Moje. Foam Speelset - 3 elements - Teddy  -Beige,,,physical,NEW!,TRUE,,,,,,,PST3-80,0,shopify,0,deny,manual,84.0,,TRUE,TRUE,,"https://static.wixstatic.com/media/661c3b_b3bc648af5dd4879969919eeaf82936a~mv2.jpg/v1/fit/w_500,h_500,q_90/file.jpg",1,FALSE,,,,,,,,,,,,,,,,,,,
moje-foam-speelset-3-elements-teddy-white,Moje. Foam Speelset - 3 elements - Teddy  -White,,,physical,NEW!,TRUE,,,,,,,PST3-79,0,shopify,0,deny,manual,84.0,,TRUE,TRUE,,"https://static.wixstatic.com/media/661c3b_b974b9b754784c9ca448072d591b0dad~mv2.jpg/v1/fit/w_500,h_500,q_90/file.jpg",1,FALSE,,,,,,,,,,,,,,,,,,,
moje-playhouse-scandi-ii-blue,Moje. Playhouse Scandi II - Blue,,,physical,,TRUE,,,,,,,PHSII-165,0,shopify,0,deny,manual,149.0,,TRUE,TRUE,,"https://static.wixstatic.com/media/0f46eb_db7d4d675bad4320bad082ab5bde5659~mv2.jpg/v1/fit/w_500,h_500,q_90/file.jpg",1,FALSE,,,,,,,,,,,,,,,,,,,
moje-playhouse-scandi-ii-pink,Moje. Playhouse Scandi II - Pink,,,physical,,TRUE,,,,,,,PHSII-164,0,shopify,0,deny,manual,149.0,,TRUE,TRUE,,"https://static.wixstatic.com/media/0f46eb_69497504f16e4abb950f2f811e8fec0f~mv2.jpg/v1/fit/w_500,h_500,q_90/file.jpg",1,FALSE,,,,,,,,,,,,,,,,,,,
moje-playhouse-scandi-ii-beige,Moje. Playhouse Scandi II - Beige,,,physical,,TRUE,,,,,,,PHSII-163,0,shopify,0,deny,manual,149.0,,TRUE,TRUE,,"https://static.wixstatic.com/media/0f46eb_aa7e969f907b4050a461a7ec5ec6854d~mv2.jpg/v1/fit/w_500,h_500,q_90/file.jpg",1,FALSE,,,,,,,,,,,,,,,,,,,
moje-playhouse-scandi-ii-white,Moje. Playhouse Scandi II - White,,,physical,,TRUE,,,,,,,PHSII-162,0,shopify,0,deny,manual,149.0,,TRUE,TRUE,,"https://static.wixstatic.com/media/661c3b_82e1bcabb3794a44b86feff4954a1a09~mv2.jpg/v1/fit/w_500,h_500,q_90/file.jpg",1,FALSE,,,,,,,,,,,,,,,,,,,
moje-playhouse-scandi-blue,Moje. Playhouse Scandi - Blue,,,physical,,TRUE,,,,,,,PHS-161,0,shopify,0,deny,manual,149.0,,TRUE,TRUE,,"https://static.wixstatic.com/media/0f46eb_c067d51628a74985aa37eefa856f8bcb~mv2.jpg/v1/fit/w_500,h_500,q_90/file.jpg",1,FALSE,,,,,,,,,,,,,,,,,,,
moje-playhouse-scandi-pink,Moje. Playhouse Scandi - Pink,,,physical,,TRUE,,,,,,,PHS-160,0,shopify,0,deny,manual,149.0,,TRUE,TRUE,,"https://static.wixstatic.com/media/0f46eb_8d03ce4158184fc1aa4c33e2d344a9fe~mv2.jpg/v1/fit/w_500,h_500,q_90/file.jpg",1,FALSE,,,,,,,,,,,,,,,,,,,
moje-playhouse-scandi-beige,Moje. Playhouse Scandi - Beige,,,physical,,TRUE,,,,,,,PHS-159,0,shopify,0,deny,manual,149.0,,TRUE,TRUE,,"https://static.wixstatic.com/media/661c3b_5abf0d1819c44a28a936c7627d498779~mv2.jpg/v1/fit/w_500,h_500,q_90/file.jpg",1,FALSE,,,,,,,,,,,,,,,,,,,
moje-playhouse-scandi-white,Moje. Playhouse Scandi - White,,,physical,,TRUE,,,,,,,PHS-158,0,shopify,0,deny,manual,149.0,,TRUE,TRUE,,"https://static.wixstatic.com/media/661c3b_72a96c5f1b824776a5da7c0bdb500c35~mv2.jpg/v1/fit/w_500,h_500,q_90/file.jpg",1,FALSE,,,,,,,,,,,,,,,,,,,
moje-3-elementen-ballenbad-90x30-boucle-grey,Moje. 3 elementen + Ballenbad 90x30 - Boucle - Grey,,,physical,,TRUE,,,,,,,PSBOU-13,0,shopify,0,deny,manual,129.0,,TRUE,TRUE,,"https://static.wixstatic.com/media/661c3b_9697c1482b8f47ec998e2c2298dcbb23~mv2.jpg/v1/fit/w_500,h_500,q_90/file.jpg",1,FALSE,,,,,,,,,,,,,,,,,,,
moje-3-elementen-ballenbad-90x30-boucle-beige,Moje. 3 elementen + Ballenbad 90x30 - Boucle - Beige,,,physical,,TRUE,,,,,,,PSBOU-12,0,shopify,0,deny,manual,129.0,,TRUE,TRUE,,"https://static.wixstatic.com/media/661c3b_892ebe83fb364039ab4e35493b99c8bd~mv2.jpg/v1/fit/w_500,h_500,q_90/file.jpg",1,FALSE,,,,,,,,,,,,,,,,,,,
moje-3-elementen-ballenbad-90x30-boucle-creme,Moje. 3 elementen + Ballenbad 90x30 - Boucle - Creme,,,physical,,TRUE,,,,,,,PSBOU-11,0,shopify,0,deny,manual,129.0,,TRUE,TRUE,,"https://static.wixstatic.com/media/661c3b_e1a8367d385f44c0971f10be2e60f864~mv2.jpg/v1/fit/w_500,h_500,q_90/file.jpg",1,FALSE,,,,,,,,,,,,,,,,,,,
moje-3-elementen-ballenbad-90x30-boucle-white,Moje. 3 elementen + Ballenbad 90x30 - Bouclé - White,,,physical,,TRUE,,,,,,,PSBOU-10,0,shopify,0,deny,manual,129.0,,TRUE,TRUE,,"https://static.wixstatic.com/media/661c3b_2a09bebaa0634d83bf751b37f08f7da8~mv2.jpg/v1/fit/w_500,h_500,q_90/file.jpg",1,FALSE,,,,,,,,,,,,,,,,,,,
moje-foam-speelset-3-elements-boucle-grey,Moje. Foam Speelset - 3 elements - Boucle - Grey,,,physical,,TRUE,,,,,,,PSBS-78,0,shopify,0,deny,manual,84.0,,TRUE,TRUE,,"https://static.wixstatic.com/media/661c3b_c3543569ee0c4b919e8cd8f7937babdf~mv2.jpg/v1/fit/w_500,h_500,q_90/file.jpg",1,FALSE,,,,,,,,,,,,,,,,,,,
moje-foam-speelset-3-elements-boucle-beige,Moje. Foam Speelset - 3 elements - Boucle - Beige,,,physical,,TRUE,,,,,,,PSBS-77,0,shopify,0,deny,manual,84.0,,TRUE,TRUE,,"https://static.wixstatic.com/media/661c3b_a1f37a8551b847b6b3c05c231b046d22~mv2.jpg/v1/fit/w_500,h_500,q_90/file.jpg",1,FALSE,,,,,,,,,,,,,,,,,,,
moje-foam-speelset-3-elements-boucle-creme,Moje. Foam Speelset - 3 elements - Bouclé - Créme,,,physical,,TRUE,,,,,,,PSBS-76,0,shopify,0,deny,manual,84.0,,TRUE,TRUE,,"https://static.wixstatic.com/media/661c3b_323b417fef0c447fac7891a1502c4701~mv2.jpg/v1/fit/w_500,h_500,q_90/file.jpg",1,FALSE,,,,,,,,,,,,,,,,,,,
moje-foam-speelset-3-elements-boucle-white,Moje. Foam Speelset - 3 elements - Bouclé  -White,,,physical,,TRUE,,,,,,,PSBS-75,0,shopify,0,deny,manual,84.0,,TRUE,TRUE,,"https://static.wixstatic.com/media/661c3b_9a0f4ef02692482ea3312c1e6597707f~mv2.jpg/v1/fit/w_500,h_500,q_90/file.jpg",1,FALSE,,,,,,,,,,,,,,,,,,,
moje-boucle-ballenbad-90x40-cm-grey,Moje. Bouclé Ballenbad- 90x40 cm - Grey,,,physical,,TRUE,,,,,,,,0,shopify,0,deny,manual,59.0,,TRUE,TRUE,,"https://static.wixstatic.com/media/0f46eb_2c73587160814a10b4086f93c5fa4fca~mv2.png/v1/fit/w_500,h_500,q_90/file.png",1,FALSE,,,,,,,,,,,,,,,,,,,
moje-boucle-ballenbad-90x40-cm-beige,Moje. Bouclé Ballenbad- 90x40 cm - Beige,,,physical,,TRUE,,,,,,,,0,shopify,0,deny,manual,59.0,,TRUE,TRUE,,"https://static.wixstatic.com/media/661c3b_0e80e90e7b844d81ac08f3387d80e7b0~mv2.jpg/v1/fit/w_500,h_500,q_90/file.jpg",1,FALSE,,,,,,,,,,,,,,,,,,,
moje-boucle-ballenbad-90x40-cm-white,Moje. Bouclé Ballenbad- 90x40 cm - White,,,physical,,TRUE,,,,,,,,0,shopify,0,deny,manual,59.0,,TRUE,TRUE,,"https://static.wixstatic.com/media/0f46eb_ab3fad96a2af4c7cbdd171a8d18f7e9b~mv2.jpg/v1/fit/w_500,h_500,q_90/file.jpg",1,FALSE,,,,,,,,,,,,,,,,,,,
moje-boucle-ballenbad-90x40-cm-creme,Moje. Bouclé Ballenbad- 90x40 cm - Créme,,,physical,,TRUE,,,,,,,,0,shopify,0,deny,manual,59.0,,TRUE,TRUE,,"https://static.wixstatic.com/media/0f46eb_86187dd064ef4409bd169742ab7e6387~mv2.jpg/v1/fit/w_500,h_500,q_90/file.jpg",1,FALSE,,,,,,,,,,,,,,,,,,,
moje-boucle-ballenbad-90x30-cm-grey,Moje. Bouclé Ballenbad- 90x30 cm - Grey,,,physical,,TRUE,,,,,,,,0,shopify,0,deny,manual,57.0,,TRUE,TRUE,,"https://static.wixstatic.com/media/0f46eb_31d91e7154c2437497919f1fb6f012be~mv2.jpg/v1/fit/w_500,h_500,q_90/file.jpg",1,FALSE,,,,,,,,,,,,,,,,,,,
moje-boucle-ballenbad-90x30-cm-beige,Moje. Bouclé Ballenbad- 90x30 cm - Beige,,,physical,,TRUE,,,,,,,,0,shopify,0,deny,manual,57.0,,TRUE,TRUE,,"https://static.wixstatic.com/media/0f46eb_5355d7c687f64b38ab93ee92caea8f4d~mv2.jpg/v1/fit/w_500,h_500,q_90/file.jpg",1,FALSE,,,,,,,,,,,,,,,,,,,
moje-boucle-ballenbad-90x30-cm-white,Moje. Bouclé Ballenbad- 90x30 cm - White,,,physical,,TRUE,,,,,,,,0,shopify,0,deny,manual,57.0,,TRUE,TRUE,,"https://static.wixstatic.com/media/0f46eb_08d1300bab964805b845e439d4377bb8~mv2.jpg/v1/fit/w_500,h_500,q_90/file.jpg",1,FALSE,,,,,,,,,,,,,,,,,,,
moje-boucle-ballenbad-90x30-cm-creme,Moje. Bouclé Ballenbad- 90x30 cm - Créme,,,physical,,TRUE,,,,,,,,0,shopify,0,deny,manual,57.0,,TRUE,TRUE,,"https://static.wixstatic.com/media/661c3b_0f757f367ae948109a6e48dd47b19433~mv2.jpg/v1/fit/w_500,h_500,q_90/file.jpg",1,FALSE,,,,,,,,,,,,,,,,,,,
junior-schommel-graphite,Junior schommel Graphite - witte zitting,,,physical,NEW!,TRUE,,,,,,,,0,shopify,0,deny,manual,60.0,,TRUE,TRUE,,"https://static.wixstatic.com/media/661c3b_1bb5c14959294c1e813209785821213c~mv2.jpg/v1/fit/w_500,h_500,q_90/file.jpg",1,FALSE,,,,,,,,,,,,,,,,,,,
junior-schommel-mint,Junior schommel Mint - witte zitting,,,physical,NEW!,TRUE,,,,,,,,0,shopify,0,deny,manual,60.0,,TRUE,TRUE,,"https://static.wixstatic.com/media/661c3b_738675e3e99b4a279dca79382d528f53~mv2.jpg/v1/fit/w_500,h_500,q_90/file.jpg",1,FALSE,,,,,,,,,,,,,,,,,,,
junior-schommel-pink,Junior schommel Pink - witte zitting,,,physical,NEW!,TRUE,,,,,,,,0,shopify,0,deny,manual,60.0,,TRUE,TRUE,,"https://static.wixstatic.com/media/661c3b_00ceb8b6da9d47c4a745bf05ef3f634a~mv2.jpg/v1/fit/w_500,h_500,q_90/file.jpg",1,FALSE,,,,,,,,,,,,,,,,,,,
junior-schommel-ecru,Junior schommel Ecru - witte zitting,,,physical,NEW!,TRUE,,,,,,,,0,shopify,0,deny,manual,60.0,,TRUE,TRUE,,"https://static.wixstatic.com/media/661c3b_93bfe07044c44b5896572ba75d99594c~mv2.jpg/v1/fit/w_500,h_500,q_90/file.jpg",1,FALSE,,,,,,,,,,,,,,,,,,,
babyschommel-teddy-met-veiligheidsgordels-graphite,Babyschommel Teddybeer Graphite,,,physical,NEW!,TRUE,,,,,,,,0,shopify,0,deny,manual,60.0,,TRUE,TRUE,,"https://static.wixstatic.com/media/661c3b_0452902a48cc4e09b066980c68b5ef67~mv2.jpg/v1/fit/w_500,h_500,q_90/file.jpg",1,FALSE,,,,,,,,,,,,,,,,,,,
babyschommel-teddy-met-veiligheidsgordels-grey,Babyschommel Teddybeer Grey,,,physical,NEW!,TRUE,,,,,,,,0,shopify,0,deny,manual,60.0,,TRUE,TRUE,,"https://static.wixstatic.com/media/661c3b_eb78ce5e72ec416c8b223037de742819~mv2.jpg/v1/fit/w_500,h_500,q_90/file.jpg",1,FALSE,,,,,,,,,,,,,,,,,,,
babyschommel-teddy-met-veiligheidsgordels-mint,Babyschommel Teddybeer Mint,,,physical,NEW!,TRUE,,,,,,,,0,shopify,0,deny,manual,60.0,,TRUE,TRUE,,"https://static.wixstatic.com/media/661c3b_3a4005a33acf47c4b755cb311ca2d06e~mv2.jpg/v1/fit/w_500,h_500,q_90/file.jpg",1,FALSE,,,,,,,,,,,,,,,,,,,
babyschommel-teddy-met-veiligheidsgordels-pink,Babyschommel Teddybeer Pink,,,physical,NEW!,TRUE,,,,,,,,0,shopify,0,deny,manual,60.0,,TRUE,TRUE,,"https://static.wixstatic.com/media/661c3b_bf980b646658407b9781b8164839b4fe~mv2.jpg/v1/fit/w_500,h_500,q_90/file.jpg",1,FALSE,,,,,,,,,,,,,,,,,,,
babyschommel-teddy-met-veiligheidsgordels-ecru,Babyschommel Teddybeer - Ecru,,,physical,NEW!,TRUE,,,,,,,,0,shopify,0,deny,manual,60.0,,TRUE,TRUE,,"https://static.wixstatic.com/media/661c3b_55398f9b45ce436e89f74d55c78cc913~mv2.jpg/v1/fit/w_500,h_500,q_90/file.jpg",1,FALSE,,,,,,,,,,,,,,,,,,,
moje-speelset-5-elements-ballenbad-65x35x30cm-soft-velvet-dark-beige,Moje. Speelset 5 elements Dark Beige - incl. vierkant beige- Soft Velvet,,,physical,,TRUE,,,,,,,PSSV5-84,0,shopify,0,deny,manual,135.0,,TRUE,TRUE,,"https://static.wixstatic.com/media/661c3b_002ecac62e2d41438fc4943eb5d2c456~mv2.jpeg/v1/fit/w_500,h_500,q_90/file.jpg",1,FALSE,,,,,,,,,,,,,,,,,,,
moje-speelset-5-elements-ballenbad-65x35x30cm-soft-velvet-grey,Moje. Speelset 5 elements Grey- incl. vierkant ballenbad- Soft Velvet,,,physical,,TRUE,,,,,,,PSSV5-85,0,shopify,0,deny,manual,135.0,,TRUE,TRUE,,"https://static.wixstatic.com/media/661c3b_c2a4ba7fd22c408286e78b897142f708~mv2.jpeg/v1/fit/w_500,h_500,q_90/file.jpg",1,FALSE,,,,,,,,,,,,,,,,,,,
moje-speelset-5-elements-ballenbad-65x35x30cm-soft-velvet-ecru,Moje. Speelset 5 elements Ecru -incl. vierkant ballenbad - Soft Velvet,,,physical,,TRUE,,,,,,,PSSV5-83,0,shopify,0,deny,manual,135.0,,TRUE,TRUE,,"https://static.wixstatic.com/media/661c3b_78dbb3c42b914033b0642464d14c35de~mv2.jpeg/v1/fit/w_500,h_500,q_90/file.jpg",1,FALSE,,,,,,,,,,,,,,,,,,,
moje-speelset-5-elements-ballenbad-65x35x30cm-soft-velvet-dark-pink,Moje. Speelset 5 elements Raspberry pink -incl. vierkant ballenbad - Soft Velvet,,,physical,,TRUE,,,,,,,PSSV5-82,0,shopify,0,deny,manual,135.0,,TRUE,TRUE,,"https://static.wixstatic.com/media/661c3b_89b655e1cd7b483b9e5273e515739595~mv2.jpeg/v1/fit/w_500,h_500,q_90/file.jpg",1,FALSE,,,,,,,,,,,,,,,,,,,
moje-speelset-5-elements-ballenbad-65x35x30cm-cotton-graphite,Moje. Speelset 5 elements Graphite - incl. vierkant ballenbad -Cotton,,,physical,,TRUE,,,,,,,PS5-62,0,shopify,0,deny,manual,123.0,,TRUE,TRUE,,"https://static.wixstatic.com/media/661c3b_91b00578e6e14a67b03abbe150af3092~mv2.jpg/v1/fit/w_500,h_500,q_90/file.jpg",1,FALSE,,,,,,,,,,,,,,,,,,,
moje-speelset-5-elements-ballenbad-65x35x30cm-cotton-grey,Moje. Speelset 5 elements Grey -incl. vierkant ballenbad - Cotton,,,physical,,TRUE,,,,,,,PS5-61,0,shopify,0,deny,manual,123.0,,TRUE,TRUE,,"https://static.wixstatic.com/media/661c3b_14c876bde6034c1e8616c21e32da2673~mv2.jpg/v1/fit/w_500,h_500,q_90/file.jpg",1,FALSE,,,,,,,,,,,,,,,,,,,
moje-speelset-5-elements-ballenbad-65x35x30cm-cotton-light-grey,Moje. Speelset 5 elements L.grey- incl. vierkant ballenbad  - Cotton,,,physical,,TRUE,,,,,,,PS5-60,0,shopify,0,deny,manual,123.0,,TRUE,TRUE,,"https://static.wixstatic.com/media/661c3b_453cf08c77b348838e9de61e4c66b649~mv2.jpg/v1/fit/w_500,h_500,q_90/file.jpg",1,FALSE,,,,,,,,,,,,,,,,,,,
moje-speelset-5-elements-ballenbad-65x35x30cm-cotton-blauw,Moje. Speelset 5 elements Blue- incl. vierkant ballenbad - Cotton,,,physical,,TRUE,,,,,,,PS5-59,0,shopify,0,deny,manual,123.0,,TRUE,TRUE,,"https://static.wixstatic.com/media/661c3b_a06e7981d3d74e73a7548447a55560d7~mv2.jpg/v1/fit/w_500,h_500,q_90/file.jpg",1,FALSE,,,,,,,,,,,,,,,,,,,
kopie-van-moje-speelset-5-elements-ballenbad-65x35x30cm-cotton-beige,Moje. Speelset 5 elements Beige-  incl. vierkant ballenbad met ballen- Cotton,,,physical,,TRUE,,,,,,,PS5-58,0,shopify,0,deny,manual,123.0,,TRUE,TRUE,,"https://static.wixstatic.com/media/661c3b_624b16e53a32488cae346be2934ad665~mv2.png/v1/fit/w_500,h_500,q_90/file.png",1,FALSE,,,,,,,,,,,,,,,,,,,
moje-speelset-5-elements-ballenbad-65x35x30cm-cotton-pink,Moje. Speelset 5 elements Pink - incl. vierkant Ballenbad - Cotton,,,physical,,TRUE,,,,,,,PS5-57,0,shopify,0,deny,manual,123.0,,TRUE,TRUE,,"https://static.wixstatic.com/media/661c3b_2e19849d4b7b43a397b1dc1b07099ec0~mv2.jpg/v1/fit/w_500,h_500,q_90/file.jpg",1,FALSE,,,,,,,,,,,,,,,,,,,
moje-speelset-3-elements-soft-velvet-ballenbad-106x106x40cm-grey,Moje. Speelset 3 elements Soft Velvet+Ballenbad 106x106x40cm  -Grey,,,physical,,TRUE,,,,,,,PSSV3-71,0,shopify,0,deny,manual,160.0,,TRUE,TRUE,,"https://static.wixstatic.com/media/661c3b_c0511f32994a466d8034084138a4d8b7~mv2.jpeg/v1/fit/w_500,h_500,q_90/file.jpg",1,FALSE,,,,,,,,,,,,,,,,,,,
moje-speelset-3-elements-soft-velvet-ballenbad-106x106x40cm-dark-beige,Moje. Speelset 3 elements Soft Velvet+Ballenbad 106x106x40cm  - Dark Beige,,,physical,,TRUE,,,,,,,PSSV3-70,0,shopify,0,deny,manual,160.0,,TRUE,TRUE,,"https://static.wixstatic.com/media/661c3b_95c61d2240ea4a3598d3131b43f9859d~mv2.jpeg/v1/fit/w_500,h_500,q_90/file.jpg",1,FALSE,,,,,,,,,,,,,,,,,,,
moje-speelset-3-elements-soft-velvet-ballenbad-106x106x40cm-dark-pink,Moje. Speelset 3 elements Soft Velvet+Ballenbad 106x106x40cm  - Dark Pink,,,physical,,TRUE,,,,,,,PSSV3-88,0,shopify,0,deny,manual,160.0,,TRUE,TRUE,,"https://static.wixstatic.com/media/661c3b_6880cc1401d6403e94bab781ab49370f~mv2.jpeg/v1/fit/w_500,h_500,q_90/file.jpg",1,FALSE,,,,,,,,,,,,,,,,,,,
moje-speelset-3-elements-soft-velvet-ballenbad-106x106x40cm-ecru,Moje. Speelset 3 elements Soft Velvet+Ballenbad 106x106x40cm  - Ecru,,,physical,,TRUE,,,,,,,PSSV3-68,0,shopify,0,deny,manual,160.0,,TRUE,TRUE,,"https://static.wixstatic.com/media/661c3b_bdaddc93dd294528b9fdeface7689324~mv2.jpeg/v1/fit/w_500,h_500,q_90/file.jpg",1,FALSE,,,,,,,,,,,,,,,,,,,
moje-foam-speelset-3-elements-ballenbad-106x30-cotton-graphite,Moje. Foam Speelset 3 elements +Ballenbad vierkant 106x106x40cm -Graphite,,,physical,,TRUE,,,,,,,PS3-56,0,shopify,0,deny,manual,160.0,,TRUE,TRUE,,"https://static.wixstatic.com/media/0f46eb_7fe9d77b0ff24308ae6027cf4303a019~mv2.png/v1/fit/w_500,h_500,q_90/file.png",1,FALSE,,,,,,,,,,,,,,,,,,,
kopie-van-moje-foam-speelset-3-elements-ballenbad-106x30-cotton-grey,Moje. Foam Speelset 3 elements + Ballenbad vierkant 106x106x40cm -Grey,,,physical,,TRUE,,,,,,,PS3-55,0,shopify,0,deny,manual,160.0,,TRUE,TRUE,,"https://static.wixstatic.com/media/0f46eb_50670cf3d61d439494196287cb8f9838~mv2.png/v1/fit/w_500,h_500,q_90/file.png",1,FALSE,,,,,,,,,,,,,,,,,,,
kopie-van-moje-foam-speelset-3-elements-ballenbad-106x30-cotton-light-grey,Moje. Foam Speelset 3 elements + Ballenbad vierkant 106x106x40cm  -Light Grey,,,physical,,TRUE,,,,,,,PS3-54,0,shopify,0,deny,manual,160.0,,TRUE,TRUE,,"https://static.wixstatic.com/media/0f46eb_2490a17469804cb5a546b71856e9519c~mv2.png/v1/fit/w_500,h_500,q_90/file.png",1,FALSE,,,,,,,,,,,,,,,,,,,
kopie-van-moje-foam-speelset-3-elements-ballenbad-106x30-cotton-beige,Moje. Foam Speelset 3 elements + Ballenbad vierkant 106x106x40cm  - Blue,,,physical,,TRUE,,,,,,,PS3-53,0,shopify,0,deny,manual,160.0,,TRUE,TRUE,,"https://static.wixstatic.com/media/0f46eb_6ac5742379c548b3ae86da2db6a2b880~mv2.png/v1/fit/w_500,h_500,q_90/file.png",1,FALSE,,,,,,,,,,,,,,,,,,,
moje-foam-speelset-3-elements-ballenbad-106x30-cotton-beige,Moje. Foam Speelset 3 elements + Ballenbad vierkant 106x106x40cm  - Beige,,,physical,,TRUE,,,,,,,PS3-52,0,shopify,0,deny,manual,160.0,,TRUE,TRUE,,"https://static.wixstatic.com/media/0f46eb_f5e435472e7a47ceb9adf55945f5d205~mv2.png/v1/fit/w_500,h_500,q_90/file.png",1,FALSE,,,,,,,,,,,,,,,,,,,
moje-foam-speelset-3-elements-ballenbad-106x30-cotton-pink,Moje. Foam Speelset 3 elements +Ballenbad vierkant 106x106x40cm  - Pink,,,physical,,TRUE,,,,,,,PS3-51,0,shopify,0,deny,manual,160.0,,TRUE,TRUE,,"https://static.wixstatic.com/media/661c3b_b43767a5a8004bd08ba3172ab67f027e~mv2.png/v1/fit/w_500,h_500,q_90/file.png",1,FALSE,,,,,,,,,,,,,,,,,,,
moje-3-elementen-ballenbad-90x30-soft-velvet-grey,Moje. 3 elementen + Ballenbad 90x30 - Soft velvet - Grey melange,,,physical,,TRUE,,,,,,,PSSV3-66,0,shopify,0,deny,manual,129.0,,TRUE,TRUE,,"https://static.wixstatic.com/media/661c3b_72c5aead1014485e931aa28ed463490a~mv2.jpeg/v1/fit/w_500,h_500,q_90/file.jpg",1,FALSE,,,,,,,,,,,,,,,,,,,
moje-3-elementen-ballenbad-90x30-soft-velvet-dark-beige,Moje. 3 elementen + Ballenbad 90x30 - Soft velvet -Dark Beige,,,physical,,TRUE,,,,,,,PSSV3-65,0,shopify,0,deny,manual,129.0,,TRUE,TRUE,,"https://static.wixstatic.com/media/661c3b_d0ca549bbf524760ac7416b7c87d07e1~mv2.jpeg/v1/fit/w_500,h_500,q_90/file.jpg",1,FALSE,,,,,,,,,,,,,,,,,,,
moje-foam-speelset-3-elements-ballenbad-90x30-cotton-graphite,Moje. Foam Speelset 3 elements + Ballenbad 90x30 - Cotton - Graphite,,,physical,,TRUE,,,,,,,PS3-50,0,shopify,0,deny,manual,129.0,,TRUE,TRUE,,"https://static.wixstatic.com/media/661c3b_0736f5a142e74bb3ad31b5389a3cbb11~mv2.jpg/v1/fit/w_500,h_500,q_90/file.jpg",1,FALSE,,,,,,,,,,,,,,,,,,,
moje-foam-speelset-3-elements-ballenbad-90x30-cotton-grey,Moje. Foam Speelset 3 elements + Ballenbad 90x30 - Cotton - Grey,,,physical,,TRUE,,,,,,,PS3-49,0,shopify,0,deny,manual,129.0,,TRUE,TRUE,,"https://static.wixstatic.com/media/0f46eb_099072fe90d84c18b2b96af96d11f4c1~mv2.jpg/v1/fit/w_500,h_500,q_90/file.jpg",1,FALSE,,,,,,,,,,,,,,,,,,,
moje-foam-speelset-3-elements-ballenbad-90x30-cotton-light-grey,Moje. Foam Speelset 3 elements + Ballenbad 90x30 - Cotton - Light Grey,,,physical,,TRUE,,,,,,,PS3-48,0,shopify,0,deny,manual,129.0,,TRUE,TRUE,,"https://static.wixstatic.com/media/0f46eb_8875fe1f23c748ca8ad84e3fe022a279~mv2.jpg/v1/fit/w_500,h_500,q_90/file.jpg",1,FALSE,,,,,,,,,,,,,,,,,,,
moje-foam-speelset-3-elements-ballenbad-90x30-cotton-blue,Moje. Foam Speelset 3 elements + Ballenbad 90x30 - Cotton - Blue,,,physical,,TRUE,,,,,,,PS3-47,0,shopify,0,deny,manual,129.0,,TRUE,TRUE,,"https://static.wixstatic.com/media/0f46eb_a9a546b0b4cf443cb3ea80e9103e455a~mv2.jpg/v1/fit/w_500,h_500,q_90/file.jpg",1,FALSE,,,,,,,,,,,,,,,,,,,
moje-foam-speelset-3-elements-ballenbad-90x30-cotton-pink,Moje. Foam Speelset 3 elements + Ballenbad 90x30 - Cotton - Pink,,,physical,,TRUE,,,,,,,PS3-45,0,shopify,0,deny,manual,129.0,,TRUE,TRUE,,"https://static.wixstatic.com/media/0f46eb_6eb7b55aa33a4fba839c2987165918e0~mv2.jpg/v1/fit/w_500,h_500,q_90/file.jpg",1,FALSE,,,,,,,,,,,,,,,,,,,
moje-foam-speelset-3-elements-cotton-graphite,Moje. Foam Speelset 3 elements - Cotton  - Graphite,,,physical,,TRUE,,,,,,,PS3-44,0,shopify,0,deny,manual,84.0,,TRUE,TRUE,,"https://static.wixstatic.com/media/661c3b_34887f38a7884274bc3ce2c60d5b6400~mv2.jpg/v1/fit/w_500,h_500,q_90/file.jpg",1,FALSE,,,,,,,,,,,,,,,,,,,
moje-foam-speelset-3-elements-cotton-grey,Moje. Foam Speelset 3 elements - Cotton  - Grey,,,physical,,TRUE,,,,,,,PS3-43,0,shopify,0,deny,manual,84.0,,TRUE,TRUE,,"https://static.wixstatic.com/media/0f46eb_5a597c1e702441c8b80bffd2cc2e2909~mv2.jpg/v1/fit/w_500,h_500,q_90/file.jpg",1,FALSE,,,,,,,,,,,,,,,,,,,
moje-foam-speelset-3-elements-cotton-light-grey,Moje. Foam Speelset 3 elements - Cotton  - Light Grey,,,physical,,TRUE,,,,,,,PS3-42,0,shopify,0,deny,manual,84.0,,TRUE,TRUE,,"https://static.wixstatic.com/media/661c3b_56bb1b3c5aba487d96fc27627406c5ea~mv2.jpg/v1/fit/w_500,h_500,q_90/file.jpg",1,FALSE,,,,,,,,,,,,,,,,,,,
moje-foam-speelset-3-elements-cotton-blue,Moje. Foam Speelset 3 elements - Cotton  - Blue,,,physical,,TRUE,,,,,,,PS3-41,0,shopify,0,deny,manual,84.0,,TRUE,TRUE,,"https://static.wixstatic.com/media/661c3b_acde9d7e0a3a4e83b8ad1a965cae0d67~mv2.jpg/v1/fit/w_500,h_500,q_90/file.jpg",1,FALSE,,,,,,,,,,,,,,,,,,,
moje-foam-speelset-3-elements-cotton-pink,Moje. Foam Speelset 3 elements - Cotton  - Pink,,,physical,,TRUE,,,,,,,PS3-39,0,shopify,0,deny,manual,84.0,,TRUE,TRUE,,"https://static.wixstatic.com/media/661c3b_f94323668ea240598d82e572568d8c9a~mv2.jpg/v1/fit/w_500,h_500,q_90/file.jpg",1,FALSE,,,,,,,,,,,,,,,,,,,
moje-foam-speelset-3-elements-soft-velvet-grey,Moje. Foam Speelset - 3 elements- Soft Velvet  -  Grey,,,physical,,TRUE,,,,,,,PSSV3-61,0,shopify,0,deny,manual,84.0,,TRUE,TRUE,,"https://static.wixstatic.com/media/661c3b_4725ba35a83a4b43a70c60d680b449a9~mv2.jpeg/v1/fit/w_500,h_500,q_90/file.jpg",1,FALSE,,,,,,,,,,,,,,,,,,,
moje-foam-speelset-3-elements-soft-velvet-dark-beige,Moje. Foam Speelset - 3 elements- Soft Velvet  -  Dark  Beige,,,physical,,TRUE,,,,,,,PSSV3-60,0,shopify,0,deny,manual,84.0,,TRUE,TRUE,,"https://static.wixstatic.com/media/661c3b_c00e30604d124e53969e558084b139a4~mv2.jpeg/v1/fit/w_500,h_500,q_90/file.jpg",1,FALSE,,,,,,,,,,,,,,,,,,,
moje-foam-speelset-3-elements-soft-velvet-ecru,Moje. Foam Speelset - 3 elements- Soft Velvet  -Ecru,,,physical,,TRUE,,,,,,,PSSV3-58,0,shopify,0,deny,manual,84.0,,TRUE,TRUE,,"https://static.wixstatic.com/media/661c3b_ef35e30ef2734199917c1c6ee91e36c7~mv2.jpeg/v1/fit/w_500,h_500,q_90/file.jpg",1,FALSE,,,,,,,,,,,,,,,,,,,
moje-foam-speelset-3-elements-ballenbad-90x30-soft-velvet-ecru,Moje. 3 elementen + Ballenbad 90x30 - Soft velvet - Ecru,,,physical,,TRUE,,,,,,,PSSV3-63,0,shopify,0,deny,manual,129.0,,TRUE,TRUE,,"https://static.wixstatic.com/media/661c3b_684bceabb7044fd6b7d17bba43635297~mv2.jpeg/v1/fit/w_500,h_500,q_90/file.jpg",1,FALSE,,,,,,,,,,,,,,,,,,,
moje-foam-speelset-3-elements-ballenbad-90x30-cotton-beige,Moje. Foam Speelset 3 elements + Ballenbad 90x30 - Cotton - Beige,,,physical,,TRUE,,,,,,,PS3-46,0,shopify,0,deny,manual,129.0,,TRUE,TRUE,,"https://static.wixstatic.com/media/661c3b_8f5ac6d3813f411cb3fa5d267ef0dd0f~mv2.jpg/v1/fit/w_500,h_500,q_90/file.jpg",1,FALSE,,,,,,,,,,,,,,,,,,,
moje-foam-speelset-3-elements-cotton-beige,Moje. Foam Speelset 3 elements - Cotton  - Beige,,,physical,,TRUE,,,,,,,PS3-40,0,shopify,0,deny,manual,84.0,,TRUE,TRUE,,"https://static.wixstatic.com/media/661c3b_aec6671e9c9247c9b5c8ca2b49b33f9b~mv2.jpg/v1/fit/w_500,h_500,q_90/file.jpg",1,FALSE,,,,,,,,,,,,,,,,,,,
moje-ballenbad-90x40-cm-soft-velvet-grey,Moje. Ballenbad- 90x40 cm - Soft Velvet - Grey,,,physical,,TRUE,,,,,,,,0,shopify,0,deny,manual,59.0,,TRUE,TRUE,,"https://static.wixstatic.com/media/0f46eb_a48795cdb1a4440680a9a89a5bc1242e~mv2.jpg/v1/fit/w_500,h_500,q_90/file.jpg",1,FALSE,,,,,,,,,,,,,,,,,,,
moje-ballenbad-90x40-cm-soft-velvet-dark-beige,Moje. Ballenbad- 90x40 cm - Soft Velvet - Dark Beige,,,physical,,TRUE,,,,,,,,0,shopify,0,deny,manual,59.0,,TRUE,TRUE,,"https://static.wixstatic.com/media/661c3b_b38b71a52f3b4cdcac8ef2afc5aa9f74~mv2.jpeg/v1/fit/w_500,h_500,q_90/file.jpg",1,FALSE,,,,,,,,,,,,,,,,,,,
moje-ballenbad-90x40-cm-soft-velvet-ecru,Moje. Ballenbad- 90x40 cm - Soft Velvet - Ecru,,,physical,,TRUE,,,,,,,,0,shopify,0,deny,manual,59.0,,TRUE,TRUE,,"https://static.wixstatic.com/media/661c3b_847c7581741b46d6ac0b7023884465e9~mv2.jpeg/v1/fit/w_500,h_500,q_90/file.jpg",1,FALSE,,,,,,,,,,,,,,,,,,,
moje-ballenbad-90x40-cm-soft-velvet-pink,Moje. Ballenbad- 90x40 cm - Soft Velvet - Raspberry Pink,,,physical,,TRUE,,,,,,,,0,shopify,0,deny,manual,59.0,,TRUE,TRUE,,"https://static.wixstatic.com/media/661c3b_17fa5fbfe9f145448115a6d95e3df907~mv2.jpeg/v1/fit/w_500,h_500,q_90/file.jpg",1,FALSE,,,,,,,,,,,,,,,,,,,
moje-ballenbad-90x30-cm-soft-velvet-grey,Moje. Ballenbad- 90x30 cm - Soft Velvet - Grey,,,physical,,TRUE,,,,,,,,0,shopify,0,deny,manual,57.0,,TRUE,TRUE,,"https://static.wixstatic.com/media/661c3b_15b9d41b17764123b1b1546948a95ce6~mv2.jpeg/v1/fit/w_500,h_500,q_90/file.jpg",1,FALSE,,,,,,,,,,,,,,,,,,,
moje-ballenbad-90x30-cm-soft-velvet-dark-beige,Moje. Ballenbad- 90x30 cm - Soft Velvet - Dark Beige,,,physical,,TRUE,,,,,,,,0,shopify,0,deny,manual,57.0,,TRUE,TRUE,,"https://static.wixstatic.com/media/661c3b_a147f1e431e6449595b75757e60c0cc0~mv2.jpg/v1/fit/w_500,h_500,q_90/file.jpg",1,FALSE,,,,,,,,,,,,,,,,,,,
moje-ballenbad-90x30-cm-soft-velvet-ecru,Moje. Ballenbad- 90x30 cm - Soft Velvet - Ecru,,,physical,,TRUE,,,,,,,,0,shopify,0,deny,manual,57.0,,TRUE,TRUE,,"https://static.wixstatic.com/media/0f46eb_c852b2b5f45643b8b013430ce1992b0e~mv2.jpg/v1/fit/w_500,h_500,q_90/file.jpg",1,FALSE,,,,,,,,,,,,,,,,,,,
moje-ballenbad-90x30-cm-soft-velvet-pink,Moje. Ballenbad- 90x30 cm - Soft Velvet - Raspberry Pink,,,physical,,TRUE,,,,,,,,0,shopify,0,deny,manual,57.0,,TRUE,TRUE,,"https://static.wixstatic.com/media/0f46eb_d1f331dd7dbe4ca0be8356bdbcdd730c~mv2.jpg/v1/fit/w_500,h_500,q_90/file.jpg",1,FALSE,,,,,,,,,,,,,,,,,,,
moje-vierkant-ballenbad-106x106x40-cm-soft-velvet-pink,Moje. Vierkant Ballenbad - 106x106x40 cm - Soft Velvet - Raspberry Pink,,,physical,,TRUE,,,,,,,,0,shopify,0,deny,manual,84.0,,TRUE,TRUE,,"https://static.wixstatic.com/media/0f46eb_fce2eb26601e49cab638ce2c74ddc258~mv2.jpeg/v1/fit/w_500,h_500,q_90/file.jpg",1,FALSE,,,,,,,,,,,,,,,,,,,
moje-vierkant-ballenbad-106x106x40-cm-soft-velvet-grey,Moje. Vierkant Ballenbad - 106x106x40 cm - Soft Velvet -Grey,,,physical,,TRUE,,,,,,,,0,shopify,0,deny,manual,84.0,,TRUE,TRUE,,"https://static.wixstatic.com/media/0f46eb_9b13878124ec43d79fbd833c309d13bd~mv2.jpeg/v1/fit/w_500,h_500,q_90/file.jpg",1,FALSE,,,,,,,,,,,,,,,,,,,
moje-vierkant-ballenbad-106x106x40-cm-soft-velvet-beige,Moje. Vierkant Ballenbad - 106x106x40 cm - Soft Velvet - Dark Beige,,,physical,,TRUE,,,,,,,,0,shopify,0,deny,manual,84.0,,TRUE,TRUE,,"https://static.wixstatic.com/media/661c3b_2f1f70316846457b9fd9a692348b75ec~mv2.jpg/v1/fit/w_500,h_500,q_90/file.jpg",1,FALSE,,,,,,,,,,,,,,,,,,,
moje-vierkant-ballenbad-106x106x40-cm-soft-velvet-ecru,Moje. Vierkant Ballenbad - 106x106x40 cm - Soft Velvet - Ecru,,,physical,,TRUE,,,,,,,,0,shopify,0,deny,manual,84.0,,TRUE,TRUE,,"https://static.wixstatic.com/media/661c3b_068223b9086143a1891148c47c3af5af~mv2.jpg/v1/fit/w_500,h_500,q_90/file.jpg",1,FALSE,,,,,,,,,,,,,,,,,,,
moje-vierkant-ballenbad-106x106x40-cm-cotton-graphite,Moje. Vierkant Ballenbad - 106x106x40 cm - Cotton - Graphite,,,physical,,TRUE,,,,,,,,0,shopify,0,deny,manual,73.0,,TRUE,TRUE,,"https://static.wixstatic.com/media/661c3b_d298b906ec614c3d821ba9e0dc4d06c1~mv2.jpg/v1/fit/w_500,h_500,q_90/file.jpg",1,FALSE,,,,,,,,,,,,,,,,,,,
moje-vierkant-ballenbad-106x106x40-cm-cotton-grey,Moje. Vierkant Ballenbad - 106x106x40 cm - Cotton - Grey,,,physical,,TRUE,,,,,,,,0,shopify,0,deny,manual,73.0,,TRUE,TRUE,,"https://static.wixstatic.com/media/661c3b_35e179ebaf3b4d86ad26768d2a622051~mv2.jpg/v1/fit/w_500,h_500,q_90/file.jpg",1,FALSE,,,,,,,,,,,,,,,,,,,
moje-vierkant-ballenbad-106x106x40-cm-cotton-light-grey,Moje. Vierkant Ballenbad - 106x106x40 cm - Cotton - Light Grey,,,physical,,TRUE,,,,,,,,0,shopify,0,deny,manual,73.0,,TRUE,TRUE,,"https://static.wixstatic.com/media/661c3b_469630a35368441e92f0e279845d6d13~mv2.jpg/v1/fit/w_500,h_500,q_90/file.jpg",1,FALSE,,,,,,,,,,,,,,,,,,,
moje-vierkant-ballenbad-106x106x40-cm-cotton-blue,Moje. Vierkant Ballenbad - 106x106x40 cm - Cotton - Blue,,,physical,,TRUE,,,,,,,,0,shopify,0,deny,manual,73.0,,TRUE,TRUE,,"https://static.wixstatic.com/media/661c3b_22ff6b8cbce44df2affbcf1bc5764972~mv2.jpg/v1/fit/w_500,h_500,q_90/file.jpg",1,FALSE,,,,,,,,,,,,,,,,,,,
moje-vierkant-ballenbad-106x106x40-cm-cotton-beige,Moje. Vierkant Ballenbad - 106x106x40 cm - Cotton - Beige,,,physical,,TRUE,,,,,,,,0,shopify,0,deny,manual,73.0,,TRUE,TRUE,,"https://static.wixstatic.com/media/661c3b_ee320cb1fd8a409e882c18b480941276~mv2.jpg/v1/fit/w_500,h_500,q_90/file.jpg",1,FALSE,,,,,,,,,,,,,,,,,,,
moje-vierkant-ballenbad-106x106x40-cm-cotton-pink,Moje. Vierkant Ballenbad - 106x106x40 cm - Cotton - Pink,,,physical,,TRUE,,,,,,,,0,shopify,0,deny,manual,73.0,,TRUE,TRUE,,"https://static.wixstatic.com/media/661c3b_0345815f4fc34d9da31d42f643757b89~mv2.jpg/v1/fit/w_500,h_500,q_90/file.jpg",1,FALSE,,,,,,,,,,,,,,,,,,,
ballenbadballen-moje,Ballenbadballen- moje.,,,physical,50-600 stuks,TRUE,,,,,,,,0,shopify,0,deny,manual,6.95,,TRUE,TRUE,,"https://static.wixstatic.com/media/0f46eb_0550e49d19ab4b93bb000124b6a75117~mv2.jpg/v1/fit/w_500,h_500,q_90/file.jpg",1,FALSE,,,,,,,,,,,,,,,,,,,
ballenbadballen-100-stuks-moje,Ballenbadballen 100 stuks - moje.,,,physical,100 pcs box,TRUE,,,,,,,,0,shopify,0,deny,manual,12.0,,TRUE,TRUE,,"https://static.wixstatic.com/media/0f46eb_0550e49d19ab4b93bb000124b6a75117~mv2.jpg/v1/fit/w_500,h_500,q_90/file.jpg",1,FALSE,,,,,,,,,,,,,,,,,,,
ballenbadballen-50-stuks-moje,Ballenbadballen 50 stuks - moje.,,,physical,50 stuks zak,TRUE,,,,,,,,0,shopify,0,deny,manual,6.95,,TRUE,TRUE,,"https://static.wixstatic.com/media/0f46eb_0550e49d19ab4b93bb000124b6a75117~mv2.jpg/v1/fit/w_500,h_500,q_90/file.jpg",1,FALSE,,,,,,,,,,,,,,,,,,,
moje-ballenbad-90x40-cm-cotton-graphite,Moje. Ballenbad - 90x40 cm - Cotton - Graphite,,,physical,,TRUE,,,,,,,,0,shopify,0,deny,manual,49.0,,TRUE,TRUE,,"https://static.wixstatic.com/media/0f46eb_7839d46d70cf45f6aeefd9cce106e31f~mv2.jpg/v1/fit/w_500,h_500,q_90/file.jpg",1,FALSE,,,,,,,,,,,,,,,,,,,
moje-ballenbad-90x40-cm-cotton-grey,Moje. Ballenbad - 90x40 cm - Cotton - Grey,,,physical,,TRUE,,,,,,,,0,shopify,0,deny,manual,49.0,,TRUE,TRUE,,"https://static.wixstatic.com/media/0f46eb_cfbcac40766a468186943aacd5922da2~mv2.jpg/v1/fit/w_500,h_500,q_90/file.jpg",1,FALSE,,,,,,,,,,,,,,,,,,,
moje-ballenbad-90x40-cm-cotton-light-grey,Moje. Ballenbad - 90x40 cm - Cotton - Light grey,,,physical,,TRUE,,,,,,,,0,shopify,0,deny,manual,49.0,,TRUE,TRUE,,"https://static.wixstatic.com/media/0f46eb_e9411a085170483598e5e035b615f2fc~mv2.jpg/v1/fit/w_500,h_500,q_90/file.jpg",1,FALSE,,,,,,,,,,,,,,,,,,,
moje-ballenbad-90x40-cm-cotton-blue,Moje. Ballenbad - 90x40 cm - Cotton - Blue,,,physical,,TRUE,,,,,,,,0,shopify,0,deny,manual,49.0,,TRUE,TRUE,,"https://static.wixstatic.com/media/0f46eb_2ea8a2077b4e457a8454544810c3398f~mv2.jpg/v1/fit/w_500,h_500,q_90/file.jpg",1,FALSE,,,,,,,,,,,,,,,,,,,
moje-ballenbad-90x40-cm-cotton-pink,Moje. Ballenbad - 90x40 cm - Cotton - Pink,,,physical,,TRUE,,,,,,,,0,shopify,0,deny,manual,49.0,,TRUE,TRUE,,"https://static.wixstatic.com/media/0f46eb_eb4fdbd9b3004313a21c6a096a5dac21~mv2.jpg/v1/fit/w_500,h_500,q_90/file.jpg",1,FALSE,,,,,,,,,,,,,,,,,,,
moje-ballenbad-90x30-cm-cotton-graphite,Moje. Ballenbad- 90x30 cm - Cotton - Graphite,,,physical,,TRUE,,,,,,,,0,shopify,0,deny,manual,46.0,,TRUE,TRUE,,"https://static.wixstatic.com/media/661c3b_77fe49ff114e4fbe8d61f8c3dab56cce~mv2.jpeg/v1/fit/w_500,h_500,q_90/file.jpg",1,FALSE,,,,,,,,,,,,,,,,,,,
moje-ballenbad-90x30-cm-cotton-grey,Moje. Ballenbad- 90x30 cm - Cotton - Grey,,,physical,,TRUE,,,,,,,,0,shopify,0,deny,manual,46.0,,TRUE,TRUE,,"https://static.wixstatic.com/media/661c3b_50d73e6c14324d03acd1960c09152a48~mv2.jpeg/v1/fit/w_500,h_500,q_90/file.jpg",1,FALSE,,,,,,,,,,,,,,,,,,,
moje-ballenbad-90x30-cm-cotton-light-grey,Moje. Ballenbad- 90x30 cm - Cotton - Light Grey,,,physical,,TRUE,,,,,,,,0,shopify,0,deny,manual,46.0,,TRUE,TRUE,,"https://static.wixstatic.com/media/661c3b_2e086701678043d697a1d237b1ef6f52~mv2.jpeg/v1/fit/w_500,h_500,q_90/file.jpg",1,FALSE,,,,,,,,,,,,,,,,,,,
moje-ballenbad-90x30-cm-cotton-blue,Moje. Ballenbad- 90x30 cm - Cotton - Blue,,,physical,,TRUE,,,,,,,,0,shopify,0,deny,manual,46.0,,TRUE,TRUE,,"https://static.wixstatic.com/media/661c3b_a60f4d4fe8984eceb6ee864a87f3582a~mv2.jpeg/v1/fit/w_500,h_500,q_90/file.jpg",1,FALSE,,,,,,,,,,,,,,,,,,,
moje-ballenbad-90x30-cm-cotton-pink,Moje. Ballenbad- 90x30 cm - Cotton - Pink,,,physical,,TRUE,,,,,,,,0,shopify,0,deny,manual,46.0,,TRUE,TRUE,,"https://static.wixstatic.com/media/661c3b_b924d11fa394419d9c15a5d15f995aaa~mv2.jpeg/v1/fit/w_500,h_500,q_90/file.jpg",1,FALSE,,,,,,,,,,,,,,,,,,,
moje-ballenbad-medium-90x40-cm-cotton-beige,Moje. Ballenbad - 90x40 cm - Cotton - Beige,,,physical,,TRUE,,,,,,,,0,shopify,0,deny,manual,49.0,,TRUE,TRUE,,"https://static.wixstatic.com/media/661c3b_6e44ab1162df403cb9f2f93bfb4fb6a7~mv2.jpg/v1/fit/w_500,h_500,q_90/file.jpg",1,FALSE,,,,,,,,,,,,,,,,,,,
moje-ballenbad-klein-90x30-cm-cotton-beige,Moje. Ballenbad- 90x30 cm - Cotton - Beige,,,physical,,TRUE,,,,,,,,0,shopify,0,deny,manual,46.0,,TRUE,TRUE,,"https://static.wixstatic.com/media/661c3b_290d99285c7e43ff8e8a2f9d04a932b5~mv2.jpeg/v1/fit/w_500,h_500,q_90/file.jpg",1,FALSE,,,,,,,,,,,,,,,,,,,
moje-speelnest-soft-velvet-grey,Moje. Speelnest - Soft Velvet Grey,,,physical,,TRUE,,,,,,,PNSV-157,0,shopify,0,deny,manual,57.0,,TRUE,TRUE,,"https://static.wixstatic.com/media/661c3b_4af7da3f4ead4f308b483309601c3d45~mv2.jpeg/v1/fit/w_500,h_500,q_90/file.jpg",1,FALSE,,,,,,,,,,,,,,,,,,,
moje-speelnest-soft-velvet-dark-beige,Moje. Speelnest - Soft Velvet Dark Beige,,,physical,,TRUE,,,,,,,PNSV-156,0,shopify,0,deny,manual,57.0,,TRUE,TRUE,,"https://static.wixstatic.com/media/661c3b_867a93bd925a4512a795aa6ba4c7f713~mv2.jpeg/v1/fit/w_500,h_500,q_90/file.jpg",1,FALSE,,,,,,,,,,,,,,,,,,,
moje-speelnest-soft-velvet-beige,Moje. Speelnest - Soft Velvet Ecru,,,physical,,TRUE,,,,,,,PNSV-155,0,shopify,0,deny,manual,57.0,,TRUE,TRUE,,"https://static.wixstatic.com/media/661c3b_1fdb54d32572484f96eb48261abc3dc5~mv2.jpeg/v1/fit/w_500,h_500,q_90/file.jpg",1,FALSE,,,,,,,,,,,,,,,,,,,
moje-speelnest-soft-velvet-pink,Moje. Speelnest - Soft Velvet Raspberry Pink,,,physical,,TRUE,,,,,,,PNSV-154,0,shopify,0,deny,manual,57.0,,TRUE,TRUE,,"https://static.wixstatic.com/media/661c3b_19bf3a534992451699d7610946b59814~mv2.png/v1/fit/w_500,h_500,q_90/file.png",1,FALSE,,,,,,,,,,,,,,,,,,,
moje-speelnest-cotton-graphite,Moje. Speelnest - Graphite,,,physical,,TRUE,,,,,,,PN-153,0,shopify,0,deny,manual,53.0,,TRUE,TRUE,,"https://static.wixstatic.com/media/661c3b_5709b4b321224b4eb032cd445c1c373f~mv2.jpg/v1/fit/w_500,h_500,q_90/file.jpg",1,FALSE,,,,,,,,,,,,,,,,,,,
moje-speelnest-cotton-light-grey,Moje. Speelnest -  Light Grey,,,physical,,TRUE,,,,,,,PN-152,0,shopify,0,deny,manual,53.0,,TRUE,TRUE,,"https://static.wixstatic.com/media/661c3b_ab53f55c16d046c584b71002a7c57009~mv2.jpg/v1/fit/w_500,h_500,q_90/file.jpg",1,FALSE,,,,,,,,,,,,,,,,,,,
moje-speelnest-cotton-blue,Moje. Speelnest - Blue,,,physical,,TRUE,,,,,,,PN-151,0,shopify,0,deny,manual,53.0,,TRUE,TRUE,,"https://static.wixstatic.com/media/661c3b_c2895e0a8183459eb6d1f989e5fa6453~mv2.jpg/v1/fit/w_500,h_500,q_90/file.jpg",1,FALSE,,,,,,,,,,,,,,,,,,,
moje-speelnest-cotton-beige,Moje. Speelnest - Beige,,,physical,,TRUE,,,,,,,PN-150,0,shopify,0,deny,manual,53.0,,TRUE,TRUE,,"https://static.wixstatic.com/media/661c3b_6d4ba3f6ccd44326927b06dcfdbdd0f0~mv2.jpg/v1/fit/w_500,h_500,q_90/file.jpg",1,FALSE,,,,,,,,,,,,,,,,,,,
moje-speelnest-cotton-pink,Moje. Speelnest - Pink,,,physical,,TRUE,,,,,,,PN-149,0,shopify,0,deny,manual,53.0,,TRUE,TRUE,,"https://static.wixstatic.com/media/661c3b_42269df0b3464415a3587ca414307aab~mv2.jpg/v1/fit/w_500,h_500,q_90/file.jpg",1,FALSE,,,,,,,,,,,,,,,,,,,
moje-ballenbad-90x30-cm-velvet-pink,Moje. Ballenbad - 90x30 cm - Velvet Pink,,,physical,,TRUE,,,,,,,,0,shopify,0,deny,manual,43.0,,TRUE,TRUE,,"https://static.wixstatic.com/media/661c3b_8ca64e98e60846af913c71c13dc689b7~mv2.jpg/v1/fit/w_500,h_500,q_90/file.jpg",1,FALSE,,,,,,,,,,,,,,,,,,,
kopia-moje-ballenbad-90x30-cm-velvet-cream,Moje. Ballenbad - 90x30 cm - Velvet Grey,,,physical,,TRUE,,,,,,,,0,shopify,0,deny,manual,43.0,,TRUE,TRUE,,"https://static.wixstatic.com/media/661c3b_2dcbe5ee38e04c199415ae276345f02e~mv2.jpg/v1/fit/w_500,h_500,q_90/file.jpg",1,FALSE,,,,,,,,,,,,,,,,,,,
moje-ballenbad-90x30-cm-velvet-cream,Moje. Ballenbad - 90x30 cm - Velvet Cream,,,physical,,TRUE,,,,,,,,0,shopify,0,deny,manual,43.0,,TRUE,TRUE,,"https://static.wixstatic.com/media/661c3b_1102806f318443b4a82d1030bc80a715~mv2.jpg/v1/fit/w_500,h_500,q_90/file.jpg",1,FALSE,,,,,,,,,,,,,,,,,,,
moje-regenboog-speelset-grey-ballenbad-90x30,Moje. Regenboog speelset - Grey + Ballenbad 90x30 + 200 ballen,,,physical,,TRUE,,,,,,,BRBP-148,0,shopify,0,deny,manual,149.0,,TRUE,TRUE,,"https://static.wixstatic.com/media/661c3b_bdb2723c7a18465685573f3a2dac7116~mv2.jpeg/v1/fit/w_500,h_500,q_90/file.jpg",1,FALSE,,,,,,,,,,,,,,,,,,,
moje-regenboog-speelset-pink-ballenbad-90x30,Moje. Regenboog speelset - Pink + Ballenbad 90x30 + 200 ballen,,,physical,,TRUE,,,,,,,BRBP-155,0,shopify,0,deny,manual,149.0,,TRUE,TRUE,,"https://static.wixstatic.com/media/661c3b_838ab2f87e544337a9934acdef1dd73d~mv2.jpeg/v1/fit/w_500,h_500,q_90/file.jpg",1,FALSE,,,,,,,,,,,,,,,,,,,
moje-regenboog-speelset-beige-ballenbad-90x30,Moje. Regenboog speelset Beige + Ballenbad 90x30 en 200 ballen,,,physical,,TRUE,,,,,,,BRBP-146,0,shopify,0,deny,manual,149.0,,TRUE,TRUE,,"https://static.wixstatic.com/media/661c3b_d4fe27b2e0634ce6b9ee93a55fe5d4a8~mv2.jpeg/v1/fit/w_500,h_500,q_90/file.jpg",1,FALSE,,,,,,,,,,,,,,,,,,,
moje-regenboog-speelset-grey,Moje. Regenboog speelset - Grey,,,physical,,TRUE,,,,,,,RB-145,0,shopify,0,deny,manual,97.0,,TRUE,TRUE,,"https://static.wixstatic.com/media/661c3b_be7f50044b834c178da152fa1a4c3fe7~mv2.jpeg/v1/fit/w_500,h_500,q_90/file.jpg",1,FALSE,,,,,,,,,,,,,,,,,,,
moje-regenboog-speelset-pink,Moje. Regenboog speelset - Pink,,,physical,,TRUE,,,,,,,RB-144,0,shopify,0,deny,manual,97.0,,TRUE,TRUE,,"https://static.wixstatic.com/media/661c3b_24aa22f095fb40038cedeae00421909b~mv2.jpeg/v1/fit/w_500,h_500,q_90/file.jpg",1,FALSE,,,,,,,,,,,,,,,,,,,
moje-regenboog-speelset-beige,Moje. Regenboog speelset - Beige,,,physical,,TRUE,,,,,,,RB-143,0,shopify,0,deny,manual,97.0,,TRUE,TRUE,,"https://static.wixstatic.com/media/661c3b_60dda06778584b7cbdcf3cce779500c6~mv2.jpeg/v1/fit/w_500,h_500,q_90/file.jpg",1,FALSE,,,,,,,,,,,,,,,,,,,
moje-cloud-speelmat-teddy-honing-1,Moje. Cloud Speelmat - Teddy Grey,,,physical,,TRUE,,,,,,,CTED-37,0,shopify,0,deny,manual,48.0,,TRUE,TRUE,,"https://static.wixstatic.com/media/0f46eb_7240f4c3197d46f4ae8dce2861f78358~mv2.png/v1/fit/w_500,h_500,q_90/file.png",1,FALSE,,,,,,,,,,,,,,,,,,,
moje-cloud-speelmat-teddy-beige,Moje. Cloud Speelmat - Teddy Beige,,,physical,,TRUE,,,,,,,CTED-35,0,shopify,0,deny,manual,48.0,,TRUE,TRUE,,"https://static.wixstatic.com/media/0f46eb_db1b430e04204edcad726b8685ece19d~mv2.png/v1/fit/w_500,h_500,q_90/file.png",1,FALSE,,,,,,,,,,,,,,,,,,,
moje-cloud-speelmat-teddy-white,Moje. Cloud Speelmat - Teddy White,,,physical,,TRUE,,,,,,,CTED-34,0,shopify,0,deny,manual,48.0,,TRUE,TRUE,,"https://static.wixstatic.com/media/0f46eb_252ad47b47614c5cb53e507032b5ed00~mv2.png/v1/fit/w_500,h_500,q_90/file.png",1,FALSE,,,,,,,,,,,,,,,,,,,
moje-ball-pool-90x40-cm-teddy-grey,Moje. Ballenbad- 90x40 cm - Teddy Grey,,,physical,,TRUE,,,,,,,,0,shopify,0,deny,manual,59.0,,TRUE,TRUE,,"https://static.wixstatic.com/media/0f46eb_1b52679944a34de9b96414578ffbe233~mv2.jpg/v1/fit/w_500,h_500,q_90/file.jpg",1,FALSE,,,,,,,,,,,,,,,,,,,
moje-ball-pool-90x40-cm-teddy-beige,Moje. Ballenbad - 90x40 cm - Teddy Beige,,,physical,,TRUE,,,,,,,,0,shopify,0,deny,manual,59.0,,TRUE,TRUE,,"https://static.wixstatic.com/media/0f46eb_5db3cc6868df4af2b20f1763829d6913~mv2.jpg/v1/fit/w_500,h_500,q_90/file.jpg",1,FALSE,,,,,,,,,,,,,,,,,,,
moje-ball-pool-90x40-cm-teddy-white,Moje. Ballenbad - 90x40 cm - Teddy White,,,physical,,TRUE,,,,,,,,0,shopify,0,deny,manual,59.0,,TRUE,TRUE,,"https://static.wixstatic.com/media/0f46eb_f5c277de9b99498fbdca6fb5988a06af~mv2.jpg/v1/fit/w_500,h_500,q_90/file.jpg",1,FALSE,,,,,,,,,,,,,,,,,,,
moje-ball-pool-90x30-cm-teddy-grey,Moje. Ballenbad - 90x30 cm - Teddy Grey,,,physical,,TRUE,,,,,,,,0,shopify,0,deny,manual,57.0,,TRUE,TRUE,,"https://static.wixstatic.com/media/0f46eb_f04e0b870f5546ae8d94be892169a126~mv2.jpg/v1/fit/w_500,h_500,q_90/file.jpg",1,FALSE,,,,,,,,,,,,,,,,,,,
moje-ball-pool-90x30-cm-teddy-beige,Moje. Ballenbad - 90x30 cm - Teddy Beige,,,physical,,TRUE,,,,,,,,0,shopify,0,deny,manual,57.0,,TRUE,TRUE,,"https://static.wixstatic.com/media/0f46eb_3b59244e2fde4227be98ca0fb19b382f~mv2.jpg/v1/fit/w_500,h_500,q_90/file.jpg",1,FALSE,,,,,,,,,,,,,,,,,,,
moje-ball-pool-90x30-cm-teddy-white,Moje. Ballenbad - 90x30 cm - Teddy White,,,physical,,TRUE,,,,,,,,0,shopify,0,deny,manual,57.0,,TRUE,TRUE,,"https://static.wixstatic.com/media/661c3b_8019160a990649a4953642fc9f52b48b~mv2.jpg/v1/fit/w_500,h_500,q_90/file.jpg",1,FALSE,,,,,,,,,,,,,,,,,,,
moje-play-nest-teddy-grey,Moje. Speelnest- Teddy Grey,,,physical,,TRUE,,,,,,, PTED-22,0,shopify,0,deny,manual,57.0,,TRUE,TRUE,,"https://static.wixstatic.com/media/661c3b_2cf4e748e7ec411d8a1d1df01a060f8e~mv2.png/v1/fit/w_500,h_500,q_90/file.png",1,FALSE,,,,,,,,,,,,,,,,,,,
moje-play-nest-teddy-beige,Moje. Speelnest - Teddy Beige,,,physical,,TRUE,,,,,,, PTED-20,0,shopify,0,deny,manual,57.0,,TRUE,TRUE,,"https://static.wixstatic.com/media/661c3b_02d4a5a2a48d489f8d0f371355419f3f~mv2.png/v1/fit/w_500,h_500,q_90/file.png",1,FALSE,,,,,,,,,,,,,,,,,,,
moje-play-nest-teddy-white,Moje. Speelnest - Teddy White,,,physical,,TRUE,,,,,,, PTED-19 ,0,shopify,0,deny,manual,57.0,,TRUE,TRUE,,"https://static.wixstatic.com/media/661c3b_6015031c58d74758bcb76c721643fd7b~mv2.png/v1/fit/w_500,h_500,q_90/file.png",1,FALSE,,,,,,,,,,,,,,,,,,,
moje-tipi-tent-linnen-powder-pink,Moje. Tipi Tent Linnen Powder Pink,,,physical,,TRUE,,,,,,, TLIN-18,0,shopify,0,deny,manual,103.0,,TRUE,TRUE,,"https://static.wixstatic.com/media/661c3b_7ee8980d1eba4d5ea4b30c52ea642344~mv2.png/v1/fit/w_500,h_500,q_90/file.png",1,FALSE,,,,,,,,,,,,,,,,,,,
moje-tipi-tent-linnen-marsala,Moje. Tipi Tent Linnen Marsala,,,physical,,TRUE,,,,,,, TLIN-17,0,shopify,0,deny,manual,103.0,,TRUE,TRUE,,"https://static.wixstatic.com/media/661c3b_8e3ac72d47b44ccf86f2a51bc203dd06~mv2.jpeg/v1/fit/w_500,h_500,q_90/file.jpg",1,FALSE,,,,,,,,,,,,,,,,,,,
moje-tipi-tent-linnen-naturel,Moje. Tipi Tent Linnen Naturel,,,physical,,TRUE,,,,,,, TLIN-16,0,shopify,0,deny,manual,103.0,,TRUE,TRUE,,"https://static.wixstatic.com/media/661c3b_c6255784eae84aaaa2b3f0d3abeb5810~mv2.jpeg/v1/fit/w_500,h_500,q_90/file.jpg",1,FALSE,,,,,,,,,,,,,,,,,,,
moje-speelnest-linnen-powder-pink,Moje. Speelnest Linnen Powder Pink,,,physical,,TRUE,,,,,,, PLIN-15,0,shopify,0,deny,manual,67.0,,TRUE,TRUE,,"https://static.wixstatic.com/media/661c3b_acac259522044439a684f9e54b45d780~mv2.png/v1/fit/w_500,h_500,q_90/file.png",1,FALSE,,,,,,,,,,,,,,,,,,,
kopia-moje-speelnest-linnen-pink,Moje. Speelnest Linnen Marsala,,,physical,,TRUE,,,,,,, PLIN-14,0,shopify,0,deny,manual,67.0,,TRUE,TRUE,,"https://static.wixstatic.com/media/661c3b_255531665d0b42279d326d17de8e74ad~mv2.jpeg/v1/fit/w_500,h_500,q_90/file.jpg",1,FALSE,,,,,,,,,,,,,,,,,,,
moje-speelnest-100-linnen-naturel,Moje. Speelnest Linnen Naturel,,,physical,,TRUE,,,,,,, PLIN-13 ,0,shopify,0,deny,manual,67.0,,TRUE,TRUE,,"https://static.wixstatic.com/media/661c3b_1252052da7c84394bb31ef58b29b6846~mv2.png/v1/fit/w_500,h_500,q_90/file.png",1,FALSE,,,,,,,,,,,,,,,,,,,
moje-bouclé-ottoman-white-vierkante-kinderpoef,Moje. Bouclé Ottoman White - vierkante kinderpoef,,,physical,,TRUE,,,,,,, BO-09 ,0,shopify,0,deny,manual,38.0,,TRUE,TRUE,,"https://static.wixstatic.com/media/0f46eb_7e69dff5b424442c8895725855b4b5a4~mv2.jpg/v1/fit/w_500,h_500,q_90/file.jpg",1,FALSE,,,,,,,,,,,,,,,,,,,
moje-bouclé-ottoman-cream-vierkante-kinderpoef,Moje. Bouclé Ottoman Cream - vierkante kinderpoef,,,physical,,TRUE,,,,,,, BO-10 ,0,shopify,0,deny,manual,38.0,,TRUE,TRUE,,"https://static.wixstatic.com/media/0f46eb_b8bcf5c948eb4836878b6408ad576792~mv2.jpg/v1/fit/w_500,h_500,q_90/file.jpg",1,FALSE,,,,,,,,,,,,,,,,,,,
moje-bouclé-ottoman-grey-vierkante-kinderpoef,Moje. Bouclé Ottoman Grey - vierkante kinderpoef,,,physical,,TRUE,,,,,,, BO-12 ,0,shopify,0,deny,manual,38.0,,TRUE,TRUE,,"https://static.wixstatic.com/media/0f46eb_efe7909b0a8a47b897df1b52eda1d902~mv2.jpg/v1/fit/w_500,h_500,q_90/file.jpg",1,FALSE,,,,,,,,,,,,,,,,,,,
moje-bouclé-ottoman-beige-vierkante-poef,Moje. Bouclé Ottoman Beige - vierkante kinderpoef,,,physical,,TRUE,,,,,,, BO-11 ,0,shopify,0,deny,manual,38.0,,TRUE,TRUE,,"https://static.wixstatic.com/media/0f46eb_143c988e6dcf4a2f9ee9500206e05be8~mv2.jpg/v1/fit/w_500,h_500,q_90/file.jpg",1,FALSE,,,,,,,,,,,,,,,,,,,
moje-bouclé-beanbag-white-zitzak,Moje. Bouclé Beanbag White -zitzak,,,physical,,TRUE,,,,,,, BB-05 ,0,shopify,0,deny,manual,59.0,,TRUE,TRUE,,"https://static.wixstatic.com/media/0f46eb_1b91ed05cf0b4e398db6785015b11329~mv2.jpg/v1/fit/w_500,h_500,q_90/file.jpg",1,FALSE,,,,,,,,,,,,,,,,,,,
moje-bouclé-beanbag-cream-zitzak,Moje. Bouclé Beanbag Cream -zitzak,,,physical,,TRUE,,,,,,, BB-06 ,0,shopify,0,deny,manual,59.0,,TRUE,TRUE,,"https://static.wixstatic.com/media/0f46eb_7bc505a5da82492485eaf2d512eef96c~mv2.jpg/v1/fit/w_500,h_500,q_90/file.jpg",1,FALSE,,,,,,,,,,,,,,,,,,,
moje-bouclé-beanbag-grey-zitzak,Moje. Bouclé Beanbag Grey -zitzak,,,physical,,TRUE,,,,,,, BB-08 ,0,shopify,0,deny,manual,59.0,,TRUE,TRUE,,"https://static.wixstatic.com/media/0f46eb_6361620bd78c4d9e8a7f299232af9d2b~mv2.jpg/v1/fit/w_500,h_500,q_90/file.jpg",1,FALSE,,,,,,,,,,,,,,,,,,,
moje-bouclé-beanbag-beige-zitzak,Moje. Bouclé Beanbag Beige -zitzak,,,physical,,TRUE,,,,,,, BB-07 ,0,shopify,0,deny,manual,59.0,,TRUE,TRUE,,"https://static.wixstatic.com/media/0f46eb_fb96a0ab276b42c0813d12a8ab244cfb~mv2.jpg/v1/fit/w_500,h_500,q_90/file.jpg",1,FALSE,,,,,,,,,,,,,,,,,,,
moje-bouclé-lounger-white-1,Moje. Bouclé Lounger White,,,physical,,TRUE,,,,,,,BL-01,0,shopify,0,deny,manual,88.0,,TRUE,TRUE,,"https://static.wixstatic.com/media/0f46eb_7d93effcbe6b427586fab289e8e70caa~mv2.jpg/v1/fit/w_500,h_500,q_90/file.jpg",1,FALSE,,,,,,,,,,,,,,,,,,,
moje-bouclé-lounger-cream,Moje. Bouclé Lounger Cream,,,physical,,TRUE,,,,,,,BL-02,0,shopify,0,deny,manual,88.0,,TRUE,TRUE,,"https://static.wixstatic.com/media/0f46eb_139d033a39114c5bb7e58136f48f5148~mv2.png/v1/fit/w_500,h_500,q_90/file.png",1,FALSE,,,,,,,,,,,,,,,,,,,
moje-bouclé-lounger-grey,Moje. Bouclé Lounger Grey,,,physical,,TRUE,,,,,,,BL-04,0,shopify,0,deny,manual,88.0,,TRUE,TRUE,,"https://static.wixstatic.com/media/0f46eb_54c669160e5845ae9e2e58bbcf353825~mv2.png/v1/fit/w_500,h_500,q_90/file.png",1,FALSE,,,,,,,,,,,,,,,,,,,
moje-bouclé-lounger-white,Moje. Bouclé Lounger Beige,,,physical,,TRUE,,,,,,,BL-03,0,shopify,0,deny,manual,88.0,,TRUE,TRUE,,"https://static.wixstatic.com/media/0f46eb_8434a60d18f547c68ee240a280f60c32~mv2.png/v1/fit/w_500,h_500,q_90/file.png",1,FALSE,,,,,,,,,,,,,,,,,,,
